﻿<?xml version="1.0" encoding="utf-8"?>
<tools>
  <tool10>
    <NAME>
      <str><![CDATA[---separator---]]></str>
    </NAME>
    <COMMAND>
      <str><![CDATA[---separator---]]></str>
    </COMMAND>
    <PARAMS>
      <str><![CDATA[]]></str>
    </PARAMS>
    <WORKINGDIR>
      <str><![CDATA[]]></str>
    </WORKINGDIR>
    <LAUNCHOPTION int="0" />
  </tool10>
  <tool11>
    <NAME>
      <str><![CDATA[bzr qdiff  ${ACTIVE_EDITOR_FILENAME}]]></str>
    </NAME>
    <COMMAND>
      <str><![CDATA[bzr]]></str>
    </COMMAND>
    <PARAMS>
      <str><![CDATA[qdiff  ${ACTIVE_EDITOR_FILENAME}]]></str>
    </PARAMS>
    <WORKINGDIR>
      <str><![CDATA[${PROJECT_DIR}]]></str>
    </WORKINGDIR>
    <LAUNCHOPTION int="3" />
  </tool11>
  <tool12>
    <NAME>
      <str><![CDATA[bzr qlog]]></str>
    </NAME>
    <COMMAND>
      <str><![CDATA[bzr]]></str>
    </COMMAND>
    <PARAMS>
      <str><![CDATA[qlog --ui-mode]]></str>
    </PARAMS>
    <WORKINGDIR>
      <str><![CDATA[${PROJECT_DIR}]]></str>
    </WORKINGDIR>
    <LAUNCHOPTION int="3" />
  </tool12>
  <tool13>
    <NAME>
      <str><![CDATA[bzr qbrowse]]></str>
    </NAME>
    <COMMAND>
      <str><![CDATA[bzr]]></str>
    </COMMAND>
    <PARAMS>
      <str><![CDATA[qbrowse]]></str>
    </PARAMS>
    <WORKINGDIR>
      <str><![CDATA[${PROJECT_DIR}]]></str>
    </WORKINGDIR>
    <LAUNCHOPTION int="3" />
  </tool13>
  <tool14>
    <NAME>
      <str><![CDATA[---separator---]]></str>
    </NAME>
    <COMMAND>
      <str><![CDATA[---separator---]]></str>
    </COMMAND>
    <PARAMS>
      <str><![CDATA[]]></str>
    </PARAMS>
    <WORKINGDIR>
      <str><![CDATA[]]></str>
    </WORKINGDIR>
    <LAUNCHOPTION int="0" />
  </tool14>
  <tool15>
    <NAME>
      <str><![CDATA[bzr qadd  ${ALL_PROJECT_FILES}]]></str>
    </NAME>
    <COMMAND>
      <str><![CDATA[bzr]]></str>
    </COMMAND>
    <PARAMS>
      <str><![CDATA[qadd  ${ALL_PROJECT_FILES} --ui-mode ]]></str>
    </PARAMS>
    <WORKINGDIR>
      <str><![CDATA[${PROJECT_DIR}]]></str>
    </WORKINGDIR>
    <LAUNCHOPTION int="1" />
  </tool15>
  <tool16>
    <NAME>
      <str><![CDATA[bzr qrevert ]]></str>
    </NAME>
    <COMMAND>
      <str><![CDATA[bzr]]></str>
    </COMMAND>
    <PARAMS>
      <str><![CDATA[qrevert --ui-mode]]></str>
    </PARAMS>
    <WORKINGDIR>
      <str><![CDATA[${PROJECT_DIR}]]></str>
    </WORKINGDIR>
    <LAUNCHOPTION int="3" />
  </tool16>
  <tool17>
    <NAME>
      <str><![CDATA[bzr qcommit ]]></str>
    </NAME>
    <COMMAND>
      <str><![CDATA[bzr]]></str>
    </COMMAND>
    <PARAMS>
      <str><![CDATA[qcommit --ui-mode]]></str>
    </PARAMS>
    <WORKINGDIR>
      <str><![CDATA[${PROJECT_DIR}]]></str>
    </WORKINGDIR>
    <LAUNCHOPTION int="3" />
  </tool17>
  <tool18>
    <NAME>
      <str><![CDATA[---separator---]]></str>
    </NAME>
    <COMMAND>
      <str><![CDATA[---separator---]]></str>
    </COMMAND>
    <PARAMS>
      <str><![CDATA[]]></str>
    </PARAMS>
    <WORKINGDIR>
      <str><![CDATA[]]></str>
    </WORKINGDIR>
    <LAUNCHOPTION int="0" />
  </tool18>
  <tool19>
    <NAME>
      <str><![CDATA[bzr qpush]]></str>
    </NAME>
    <COMMAND>
      <str><![CDATA[bzr]]></str>
    </COMMAND>
    <PARAMS>
      <str><![CDATA[qpush]]></str>
    </PARAMS>
    <WORKINGDIR>
      <str><![CDATA[${PROJECT_DIR}]]></str>
    </WORKINGDIR>
    <LAUNCHOPTION int="3" />
  </tool19>
  <tool20>
    <NAME>
      <str><![CDATA[bzr qpull]]></str>
    </NAME>
    <COMMAND>
      <str><![CDATA[bzr]]></str>
    </COMMAND>
    <PARAMS>
      <str><![CDATA[qpull --ui-mode]]></str>
    </PARAMS>
    <WORKINGDIR>
      <str><![CDATA[${PROJECT_DIR}]]></str>
    </WORKINGDIR>
    <LAUNCHOPTION int="3" />
  </tool20>
  <tool21>
    <NAME>
      <str><![CDATA[---separator---]]></str>
    </NAME>
    <COMMAND>
      <str><![CDATA[---separator---]]></str>
    </COMMAND>
    <PARAMS>
      <str><![CDATA[]]></str>
    </PARAMS>
    <WORKINGDIR>
      <str><![CDATA[]]></str>
    </WORKINGDIR>
    <LAUNCHOPTION int="0" />
  </tool21>
  <tool22>
    <NAME>
      <str><![CDATA[bzr qinit ${PROJECT_DIR}]]></str>
    </NAME>
    <COMMAND>
      <str><![CDATA[bzr ]]></str>
    </COMMAND>
    <PARAMS>
      <str><![CDATA[qinit --ui-mode]]></str>
    </PARAMS>
    <WORKINGDIR>
      <str><![CDATA[${PROJECT_DIR}]]></str>
    </WORKINGDIR>
    <LAUNCHOPTION int="3" />
  </tool22>
  <tool23>
    <NAME>
      <str><![CDATA[bzr qmerge [TO_LOCATION]]]></str>
    </NAME>
    <COMMAND>
      <str><![CDATA[bzr]]></str>
    </COMMAND>
    <PARAMS>
      <str><![CDATA[qmerge --ui-mode]]></str>
    </PARAMS>
    <WORKINGDIR>
      <str><![CDATA[${PROJECT_DIR}]]></str>
    </WORKINGDIR>
    <LAUNCHOPTION int="3" />
  </tool23>
  <tool24>
    <NAME>
      <str><![CDATA[bzr qbranch ${PROJECT_DIR} ]]></str>
    </NAME>
    <COMMAND>
      <str><![CDATA[bzr]]></str>
    </COMMAND>
    <PARAMS>
      <str><![CDATA[qbranch ${PROJECT_DIR} TARGET_DIR --ui-mode]]></str>
    </PARAMS>
    <WORKINGDIR>
      <str><![CDATA[${PROJECT_DIR}]]></str>
    </WORKINGDIR>
    <LAUNCHOPTION int="3" />
  </tool24>
  <tool25>
    <NAME>
      <str><![CDATA[bzr qinfo]]></str>
    </NAME>
    <COMMAND>
      <str><![CDATA[bzr]]></str>
    </COMMAND>
    <PARAMS>
      <str><![CDATA[qinfo]]></str>
    </PARAMS>
    <WORKINGDIR>
      <str><![CDATA[${PROJECT_DIR}]]></str>
    </WORKINGDIR>
    <LAUNCHOPTION int="3" />
  </tool25>
</tools>