﻿<?xml version="1.0" encoding="utf-8"?>
<tools>
  <tool00>
    <NAME>
      <str><![CDATA[VCPP Debug ]]></str>
    </NAME>
    <COMMAND>
      <str><![CDATA[$(#VCPPIDE)\VCExpress.exe]]></str>
    </COMMAND>
    <PARAMS>
      <str><![CDATA[${ACTIVE_EDITOR_FILENAME} /debugexe ${TARGET_OUTPUT_BASENAME}]]></str>
    </PARAMS>
    <WORKINGDIR>
      <str><![CDATA[${TARGET_OUTPUT_DIR}]]></str>
    </WORKINGDIR>
    <LAUNCHOPTION int="3" />
  </tool00>
  <tool01>
    <NAME>
      <str><![CDATA[---separator---]]></str>
    </NAME>
    <COMMAND>
      <str><![CDATA[---separator---]]></str>
    </COMMAND>
    <PARAMS>
      <str><![CDATA[]]></str>
    </PARAMS>
    <WORKINGDIR>
      <str><![CDATA[]]></str>
    </WORKINGDIR>
    <LAUNCHOPTION int="0" />
  </tool01>
  <tool02>
    <NAME>
      <str><![CDATA[Bzr PUSH ALL to REMOTE]]></str>
    </NAME>
    <COMMAND>
      <str><![CDATA[${PROJECT_DIR}\bzr_scripts\bzr_script.cmd]]></str>
    </COMMAND>
    <PARAMS>
      <str><![CDATA[PUSH]]></str>
    </PARAMS>
    <WORKINGDIR>
      <str><![CDATA[${PROJECT_DIR}]]></str>
    </WORKINGDIR>
    <LAUNCHOPTION int="0" />
  </tool02>
  <tool03>
    <NAME>
      <str><![CDATA[Bzr PULL ALL from REMOTE]]></str>
    </NAME>
    <COMMAND>
      <str><![CDATA[${PROJECT_DIR}\bzr_scripts\bzr_script.cmd]]></str>
    </COMMAND>
    <PARAMS>
      <str><![CDATA[PULL]]></str>
    </PARAMS>
    <WORKINGDIR>
      <str><![CDATA[${PROJECT_DIR}]]></str>
    </WORKINGDIR>
    <LAUNCHOPTION int="0" />
  </tool03>
  <tool04>
    <NAME>
      <str><![CDATA[---separator---]]></str>
    </NAME>
    <COMMAND>
      <str><![CDATA[---separator---]]></str>
    </COMMAND>
    <PARAMS>
      <str><![CDATA[]]></str>
    </PARAMS>
    <WORKINGDIR>
      <str><![CDATA[]]></str>
    </WORKINGDIR>
    <LAUNCHOPTION int="0" />
  </tool04>
</tools>