﻿<?xml version="1.0" encoding="utf-8"?>
<tools>
  <tool00>
    <NAME>
      <str><![CDATA[kdbg BM]]></str>
    </NAME>
    <COMMAND>
      <str><![CDATA[/media/work/cpde/tools/kdbg/kdbg]]></str>
    </COMMAND>
    <PARAMS>
      <str><![CDATA[-s ${ACTIVE_EDITOR_FILENAME} -n ${ACTIVE_EDITOR_LINE} ${TARGET_OUTPUT_FILE}]]></str>
    </PARAMS>
    <WORKINGDIR>
      <str><![CDATA[]]></str>
    </WORKINGDIR>
    <LAUNCHOPTION int="1" />
  </tool00>
  <tool01>
    <NAME>
      <str><![CDATA[kdbg]]></str>
    </NAME>
    <COMMAND>
      <str><![CDATA[kdbg]]></str>
    </COMMAND>
    <PARAMS>
      <str><![CDATA[${TARGET_OUTPUT_FILE}]]></str>
    </PARAMS>
    <WORKINGDIR>
      <str><![CDATA[]]></str>
    </WORKINGDIR>
    <LAUNCHOPTION int="1" />
  </tool01>
</tools>